0,"House","scene\house\Edificio.dae"
-10,-11.5,-27.45,0.707107,0,-0.707107,0,3,3,3,0
0,"Ground","scene\ground\ground.obj"
0,-25,0,1,0,0,0,1,1,1,0
0,"Truck","scene\car\truck.obj"
283.032,-37.9611,-13.8037,-0.398374,0.0272956,0.914672,0.0626711,7,7,7,1
1,"Vampir","vampire\Walking.dae","Start Ladder","vampire\Start_Climbing_Ladder.dae"
284.414,-33.3691,-15.8651,0.405763,0.0647227,0.911416,0.0222841,2,2,2,1
2,"KameraMove1",0,610,0,-63,30,89,-30,23,58,-17,13,33,36,12,14,55,18,-17,58,18,-42,44,18,-56,2,24,-58,-44,24,-51,-61,24,-13,-55,40,41,-38,53,77,-14,49,75,-12,23,34
0,0,0,1,0,0,0,1,1,1,0
2,"KameraFollow Car",0,100,0,325,-28,31,258,-34,15,232,1,15,203,-8,82
0,0,0,1,0,0,0,1,1,1,0
2,"Car Movement",0,100,0,340,-45,-2,306,-42,4,264,-35,-27,237,-36,-7,234,-37,37,194,-36,75,176,-33,54,161,-31,54,142,-30,54,129,-28,42,107,-26.95,42,97,-26.9,42,89,-24.8,36,88,-24.25,28,79,-20.7,28,71,-18.05,32,59,-15.85,33,48,-16.15,17,34,-14.2,23,35,-14.35,40,12,-13.85,40,-21,-12.85,44,-33,-13.05,26,-19,-12.55,20,-11,-12.7,20,-1,-14.05,15,-12,-12.4,-2
0,0,0,1,0,0,0,1,1,1,0
