0,"House","scene\house\Edificio.dae"
-10,-11.5,-27.45,0.707107,0,-0.707107,0,3,3,3,0
0,"Ground","scene\ground\ground.obj"
0,-25,0,1,0,0,0,1,1,1,0
0,"Truck","scene\car\truck.obj"
-11.9653,-14.353,-1.94698,-0.285556,0.00681196,0.958065,0.0228547,7,7,7,0
1,"Vampir","vampire\Walking.dae","Start Ladder","vampire\Start_Climbing_Ladder.dae"
-10.5444,-9.79804,-4.25015,0.367972,-0.00479414,-0.929536,-0.0233616,2,2,2,0
2,"KameraMove1",0,610,0,-63,30,89,-30,23,58,-17,13,33,36,12,14,55,18,-17,58,18,-42,44,18,-56,2,24,-58,-44,24,-51,-61,24,-13,-55,40,41,-38,53,77,-14,49,75,-12,23,34
0,0,0,1,0,0,0,1,1,1,0
2,"KameraFollow Car",0,100,0,325,-28,31,258,-34,15,232,1,15,203,-8,82
0,0,0,1,0,0,0,1,1,1,0
2,"Car Movement",0,100,0,340,-45,-2,306,-42,4,264,-35,-27,237,-36,-7,234,-37,37,194,-36,75,176,-33,54,161,-31,54,142,-30,54,129,-28,42,107,-26.95,42,97,-26.9,42,89,-24.8,36,88,-24.25,28,79,-20.7,28,71,-18.05,32,59,-15.85,33,48,-16.15,17,34,-14.2,23,35,-14.35,40,12,-14.85,40,-21,-14.2,44,-33,-14,26,-19,-14.45,20,-11,-13.45,20,-1,-15.3,15,-12,-14.35,-2
0,0,0,1,0,0,0,1,1,1,0
