0,"House","scene\house\Edificio.dae"
-10,-11.5,-27.45,0.707107,0,-0.707107,0,3,3,3
0,"Ground","scene\ground\ground.obj"
0,-25,0,1,0,0,0,1,1,1
0,"Truck","scene\car\truck.obj"
290.806,-40.7342,13.8095,0.224227,0.00505818,0.974276,-0.021978,7,7,7
1,"Vampir","vampire\Walking.dae","Start Ladder","vampire\Start_Climbing_Ladder.dae"
-11.494,36.5616,55.6672,-0.00192416,-0.000554145,0.960941,-0.276744,1,1,1
2,"KameraMove1",0,610,0,-63,30,89,-30,23,58,-17,13,33,36,12,14,55,18,-17,58,18,-42,44,18,-56,2,24,-58,-44,24,-51,-61,24,-13,-55,40,41,-38,53,77,-14,49,75,-12,23,34
0,0,0,1,0,0,0,1,1,1
2,"KameraFollow Car",0,100,0,101,-17,90,72,-16,96,28,-14,82,-25,0,90
0,0,0,1,0,0,0,1,1,1
2,"Car Movement",0,100,0,340,-38,-2,306,-38,4,264,-36,-27,266,-38,56,294,-41,-47,33,-14,82,-25,0,90
0,0,0,1,0,0,0,1,1,1
