0,"OMA","Aufgaben\buddha.obj"
0,-0.75,0,0.216442,5.56352e-08,0.976312,2.50955e-07,1,1,1
0,"OPA","Aufgaben\buddha.obj"
2.16005e-12,9.12,5.07421e-06,0.242408,0.742416,-0.346194,-0.519847,1,1,1
