0,"OMA","Aufgaben\buddha.obj"
0,-0.75,9,0.0413776,-0.451955,0.0784877,0.887626,1,1,1
0,"OPA","Aufgaben\buddha.obj"
-1.42524,-10.4649,9.006,-0.228849,0.48132,0.834539,-0.139719,1,1,1
