0,"House","scene\house\Edificio.dae"
-10,-11.5,-27.45,0.707107,0,-0.707107,0,3,3,3
0,"Ground","scene\ground\ground.obj"
0,-25,0,1,0,0,0,1,1,1
0,"Truck","scene\car\truck.obj"
210.23,-35.8497,64.3033,0.909103,-0.0157059,-0.416212,-0.00719057,7,7,7
1,"Vampir","vampire\Walking.dae","Start Ladder","vampire\Start_Climbing_Ladder.dae"
-11.6425,41.1639,62.9621,0.0245303,0.007117,0.960082,-0.278549,1,1,1
2,"KameraMove1",0,610,0,-63,30,89,-30,23,58,-17,13,33,36,12,14,55,18,-17,58,18,-42,44,18,-56,2,24,-58,-44,24,-51,-61,24,-13,-55,40,41,-38,53,77,-14,49,75,-12,23,34
0,0,0,1,0,0,0,1,1,1
2,"KameraFollow Car",0,100,0,101,-17,90,72,-16,96,28,-14,82,-25,0,90
0,0,0,1,0,0,0,1,1,1
2,"Car Movement",0,100,0,340,-43,-2,306,-38,4,264,-36,-27,237,-38,-7,234,-37,37,194,-35,75,176,-33,54,161,-31,54,142,-22,54,129,-17,42,107,-23,42,97,-22,42,89,-22,36,88,-20,28,79,-19,28,71,-16,32,62,-16,41,54,-16,17,41,-14,17,35,-12,40,12,-12,40,-21,-12,44,-33,-12,26,-19,-12,20,-11,-12,20,-1,-14,15,-12,-13,-2
0,0,0,1,0,0,0,1,1,1
